threshold	model	num_predictions_above_threshold	num_true_positives_above_threshold	net_benefit
0.8	"Logistic Regression (Including country, region)"	1004	992	0.337625179
0.8	"Logistic Regression (Excluding country, region)"	971	956	0.320457797
0.8	"Random Forest (Including country, region)"	986	979	0.340128755
0.8	"Random Forest (Excluding country, region)"	950	941	0.323676681
0.8	"XGBoost (Including country, region)"	1119	1100	0.366237482
0.8	"XGBoost (Excluding country, region)"	1006	995	0.340128755
0.8	"LightGBM (Including country, region)"	1107	1085	0.35658083
0.8	"LightGBM (Excluding country, region)"	1008	995	0.337267525
0.8	"GPBoost (Including country, region)"	1097	1076	0.354792561
0.8	GPBoost (mixed effects)	1070	1052	0.350500715
0.81	"Logistic Regression (Including country, region)"	1002	990	0.335780438
0.81	"Logistic Regression (Excluding country, region)"	961	946	0.315469468
0.81	"Random Forest (Including country, region)"	971	966	0.337869889
0.81	"Random Forest (Excluding country, region)"	941	932	0.319610722
0.81	"XGBoost (Including country, region)"	1109	1091	0.362755064
0.81	"XGBoost (Excluding country, region)"	1000	989	0.336947519
0.81	"LightGBM (Including country, region)"	1089	1071	0.355601988
0.81	"LightGBM (Excluding country, region)"	998	986	0.334349823
0.81	"GPBoost (Including country, region)"	1085	1066	0.352288984
0.81	GPBoost (mixed effects)	1056	1041	0.349446578
0.82	"Logistic Regression (Including country, region)"	997	985	0.332737244
0.82	"Logistic Regression (Excluding country, region)"	953	940	0.315013511
0.82	"Random Forest (Including country, region)"	964	959	0.334843427
0.82	"Random Forest (Excluding country, region)"	926	918	0.315291687
0.82	"XGBoost (Including country, region)"	1095	1079	0.359839453
0.82	"XGBoost (Excluding country, region)"	991	981	0.334565252
0.82	"LightGBM (Including country, region)"	1080	1064	0.354474646
0.82	"LightGBM (Excluding country, region)"	991	979	0.330591321
0.82	"GPBoost (Including country, region)"	1075	1059	0.352686377
0.82	GPBoost (mixed effects)	1043	1030	0.347202353
0.83	"Logistic Regression (Including country, region)"	987	978	0.334069679
0.83	"Logistic Regression (Excluding country, region)"	946	934	0.313094336
0.83	"Random Forest (Including country, region)"	956	951	0.331397795
0.83	"Random Forest (Excluding country, region)"	913	905	0.309707145
0.83	"XGBoost (Including country, region)"	1076	1064	0.359589329
0.83	"XGBoost (Excluding country, region)"	983	973	0.330535218
0.83	"LightGBM (Including country, region)"	1069	1053	0.348670369
0.83	"LightGBM (Excluding country, region)"	970	961	0.327989565
0.83	"GPBoost (Including country, region)"	1061	1047	0.350016831
0.83	GPBoost (mixed effects)	1034	1022	0.34456787
0.84	"Logistic Regression (Including country, region)"	978	970	0.331902718
0.84	"Logistic Regression (Excluding country, region)"	938	926	0.308655222
0.84	"Random Forest (Including country, region)"	947	943	0.329756795
0.84	"Random Forest (Excluding country, region)"	904	898	0.30990701
0.84	"XGBoost (Including country, region)"	1064	1054	0.358190272
0.84	"XGBoost (Excluding country, region)"	973	964	0.327879113
0.84	"LightGBM (Including country, region)"	1055	1043	0.350500715
0.84	"LightGBM (Excluding country, region)"	959	951	0.325107296
0.84	"GPBoost (Including country, region)"	1045	1033	0.346924177
0.84	GPBoost (mixed effects)	1025	1013	0.339771102
0.85	"Logistic Regression (Including country, region)"	971	963	0.328206962
0.85	"Logistic Regression (Excluding country, region)"	924	914	0.306628517
0.85	"Random Forest (Including country, region)"	937	933	0.325584168
0.85	"Random Forest (Excluding country, region)"	891	885	0.304363376
0.85	"XGBoost (Including country, region)"	1045	1038	0.357057701
0.85	"XGBoost (Excluding country, region)"	963	956	0.327730091
0.85	"LightGBM (Including country, region)"	1038	1030	0.352169766
0.85	"LightGBM (Excluding country, region)"	947	941	0.324391989
0.85	"GPBoost (Including country, region)"	1035	1025	0.346328088
0.85	GPBoost (mixed effects)	1013	1002	0.336075346
0.86	"Logistic Regression (Including country, region)"	964	956	0.324340895
0.86	"Logistic Regression (Excluding country, region)"	907	900	0.306509299
0.86	"Random Forest (Including country, region)"	930	928	0.327508686
0.86	"Random Forest (Excluding country, region)"	879	875	0.304159003
0.86	"XGBoost (Including country, region)"	1026	1020	0.35162477
0.86	"XGBoost (Excluding country, region)"	952	946	0.32515839
0.86	"LightGBM (Including country, region)"	1025	1019	0.351267116
0.86	"LightGBM (Excluding country, region)"	933	927	0.318362968
0.86	"GPBoost (Including country, region)"	1021	1012	0.342172491
0.86	GPBoost (mixed effects)	1003	993	0.333180053
0.87	"Logistic Regression (Including country, region)"	957	949	0.320265214
0.87	"Logistic Regression (Excluding country, region)"	902	896	0.306096622
0.87	"Random Forest (Including country, region)"	920	918	0.323539122
0.87	"Random Forest (Excluding country, region)"	865	863	0.303868163
0.87	"XGBoost (Including country, region)"	1012	1007	0.348189722
0.87	"XGBoost (Excluding country, region)"	947	942	0.324942225
0.87	"LightGBM (Including country, region)"	1012	1007	0.348189722
0.87	"LightGBM (Excluding country, region)"	920	917	0.320787939
0.87	"GPBoost (Including country, region)"	1006	1000	0.343292616
0.87	GPBoost (mixed effects)	993	984	0.330389568
0.88	"Logistic Regression (Including country, region)"	944	937	0.316762041
0.88	"Logistic Regression (Excluding country, region)"	887	882	0.302336671
0.88	"Random Forest (Including country, region)"	904	902	0.317358131
0.88	"Random Forest (Excluding country, region)"	852	850	0.298760134
0.88	"XGBoost (Including country, region)"	999	995	0.345374344
0.88	"XGBoost (Excluding country, region)"	935	930	0.319504053
0.88	"LightGBM (Including country, region)"	1002	997	0.343466857
0.88	"LightGBM (Excluding country, region)"	905	902	0.314735336
0.88	"GPBoost (Including country, region)"	997	993	0.344659037
0.88	GPBoost (mixed effects)	987	979	0.329160706
0.89	"Logistic Regression (Including country, region)"	934	928	0.314540252
0.89	"Logistic Regression (Excluding country, region)"	871	866	0.295259462
0.89	"Random Forest (Including country, region)"	891	889	0.312166732
0.89	"Random Forest (Excluding country, region)"	842	840	0.294641696
0.89	"XGBoost (Including country, region)"	987	985	0.346501496
0.89	"XGBoost (Excluding country, region)"	923	919	0.317108857
0.89	"LightGBM (Including country, region)"	994	989	0.339250878
0.89	"LightGBM (Excluding country, region)"	894	891	0.309988295
0.89	"GPBoost (Including country, region)"	988	984	0.340356353
0.89	GPBoost (mixed effects)	979	971	0.324131877
0.9	"Logistic Regression (Including country, region)"	923	918	0.31223176
0.9	"Logistic Regression (Excluding country, region)"	856	851	0.288268956
0.9	"Random Forest (Including country, region)"	880	878	0.30758226
0.9	"Random Forest (Excluding country, region)"	824	822	0.287553648
0.9	"XGBoost (Including country, region)"	984	982	0.344778255
0.9	"XGBoost (Excluding country, region)"	910	906	0.311158798
0.9	"LightGBM (Including country, region)"	987	984	0.342274678
0.9	"LightGBM (Excluding country, region)"	881	879	0.307939914
0.9	"GPBoost (Including country, region)"	981	978	0.340128755
0.9	GPBoost (mixed effects)	972	965	0.32260372
0.91	"Logistic Regression (Including country, region)"	915	911	0.311357495
0.91	"Logistic Regression (Excluding country, region)"	848	843	0.28342076
0.91	"Random Forest (Including country, region)"	866	864	0.301780321
0.91	"Random Forest (Excluding country, region)"	810	809	0.28572564
0.91	"XGBoost (Including country, region)"	975	973	0.340764584
0.91	"XGBoost (Excluding country, region)"	897	895	0.312867589
0.91	"LightGBM (Including country, region)"	980	978	0.342552853
0.91	"LightGBM (Excluding country, region)"	871	870	0.307542521
0.91	"GPBoost (Including country, region)"	975	972	0.336790653
0.91	GPBoost (mixed effects)	948	942	0.315212208
0.92	"Logistic Regression (Including country, region)"	902	898	0.30472103
0.92	"Logistic Regression (Excluding country, region)"	829	824	0.274141631
0.92	"Random Forest (Including country, region)"	850	849	0.29953505
0.92	"Random Forest (Excluding country, region)"	786	785	0.276645207
0.92	"XGBoost (Including country, region)"	968	966	0.337267525
0.92	"XGBoost (Excluding country, region)"	879	878	0.30990701
0.92	"LightGBM (Including country, region)"	968	966	0.337267525
0.92	"LightGBM (Excluding country, region)"	857	856	0.302038627
0.92	"GPBoost (Including country, region)"	970	967	0.33351216
0.92	GPBoost (mixed effects)	926	922	0.313304721
0.93	"Logistic Regression (Including country, region)"	892	888	0.298589822
0.93	"Logistic Regression (Excluding country, region)"	807	802	0.26307991
0.93	"Random Forest (Including country, region)"	834	833	0.293173922
0.93	"Random Forest (Excluding country, region)"	776	775	0.272430002
0.93	"XGBoost (Including country, region)"	955	954	0.336450031
0.93	"XGBoost (Excluding country, region)"	850	849	0.298896383
0.93	"LightGBM (Including country, region)"	956	955	0.336807684
0.93	"LightGBM (Excluding country, region)"	849	848	0.298538729
0.93	"GPBoost (Including country, region)"	954	953	0.336092377
0.93	GPBoost (mixed effects)	905	902	0.308348661
0.94	"Logistic Regression (Including country, region)"	873	870	0.29434907
0.94	"Logistic Regression (Excluding country, region)"	784	780	0.256556986
0.94	"Random Forest (Including country, region)"	811	810	0.284096328
0.94	"Random Forest (Excluding country, region)"	753	752	0.263352408
0.94	"XGBoost (Including country, region)"	940	939	0.330233667
0.94	"XGBoost (Excluding country, region)"	831	830	0.291249404
0.94	"LightGBM (Including country, region)"	947	946	0.332737244
0.94	"LightGBM (Excluding country, region)"	828	827	0.290176443
0.94	"GPBoost (Including country, region)"	945	944	0.332021936
0.94	GPBoost (mixed effects)	887	886	0.311278016
0.95	"Logistic Regression (Including country, region)"	854	851	0.28397711
0.95	"Logistic Regression (Excluding country, region)"	759	755	0.242846924
0.95	"Random Forest (Including country, region)"	783	782	0.272889843
0.95	"Random Forest (Excluding country, region)"	736	735	0.256080114
0.95	"XGBoost (Including country, region)"	920	919	0.321888412
0.95	"XGBoost (Excluding country, region)"	801	800	0.279327611
0.95	"LightGBM (Including country, region)"	935	934	0.327253219
0.95	"LightGBM (Excluding country, region)"	805	804	0.280758226
0.95	"GPBoost (Including country, region)"	930	929	0.32546495
0.95	GPBoost (mixed effects)	868	867	0.303290415
